Video,Actual Class,Correlation,P-value,Sync Score
real_0001,Real,0.2917640261440924,0.0003698805169502897,29.17640261440924
real_0002,Real,0.30305297053395436,0.0003531680908341246,30.305297053395435
real_0003,Real,0.11341197216723356,0.024920245972201903,11.341197216723357
real_0004,Real,0.06550199611383477,0.2670419724296292,6.550199611383476
real_0005,Real,0.025888224211882076,0.70983365983564,2.5888224211882074
real_0006,Real,0.11483216386960765,0.1751283212227785,11.483216386960764
real_0007,Real,0.16664935925058005,0.03240658443393272,16.664935925058007
real_0008,Real,0.13740708531857562,0.07483167979385925,13.740708531857562
real_0009,Real,0.12994660423780424,0.06734888685695867,12.994660423780424
real_0010,Real,-0.08522847098695026,0.2823930944334599,0.0
real_0011,Real,0.1255728830320309,0.010450929504062506,12.55728830320309
real_0012,Real,-0.04742469564078989,0.5502407222827634,0.0
real_0013,Real,0.162997856748984,0.0010235082195356865,16.299785674898402
real_0014,Real,-0.15419037252847304,0.04799693702451732,0.0
real_0015,Real,0.2545291928140292,9.147828512455497e-05,25.45291928140292
real_0016,Real,-0.14527621362934448,0.07709798532031141,0.0
real_0017,Real,0.20049060348686254,0.002516537821069116,20.049060348686254
real_0018,Real,0.0707147761470752,0.3979950155937915,7.07147761470752
real_0019,Real,0.03729998015193166,0.4726251257779429,3.729998015193166
real_0020,Real,0.1290059432178973,0.0679704960047175,12.900594321789729
real_0021,Real,0.02499648368234987,0.7426440419681213,2.499648368234987
real_0022,Real,-0.021895802933886988,0.7723706011363376,0.0
real_0023,Real,0.064469990321238,0.3513946569963725,6.4469990321237995
real_0024,Real,0.28033525590159875,3.611043109753202e-05,28.033525590159876
real_0025,Real,0.004763491744841438,0.948690175485788,0.4763491744841438
real_0026,Real,0.04805426683610397,0.5714886235999292,4.8054266836103965
real_0027,Real,-0.16894646545705658,0.0020404275170857076,0.0
real_0028,Real,-0.19384927725087672,0.002843526551415322,0.0
real_0029,Real,0.22716329925852216,0.0037566564283279865,22.716329925852214
real_0030,Real,-0.018461541945062818,0.7719102640433819,0.0
real_0031,Real,0.16685127305659353,0.000433784891074083,16.685127305659353
real_0032,Real,0.006962576914493064,0.9385735380823397,0.6962576914493064
real_0033,Real,0.2666035282740026,0.00015252804300746144,26.660352827400256
real_0034,Real,0.19572503056132057,0.006657394882039868,19.572503056132057
real_0035,Real,0.13544376988954612,0.01179427251552525,13.544376988954612
real_0036,Real,-0.010480744358825764,0.8943649614591017,0.0
real_0037,Real,-0.12158076136330254,0.14238910698601773,0.0
real_0038,Real,0.2115394363621094,0.009603224773189362,21.15394363621094
real_0039,Real,-0.129784646799253,0.02962285638090285,0.0
real_0040,Real,-0.026390203676651843,0.7396605494910216,0.0
real_0041,Real,-0.16817361874044762,0.003219370904996998,0.0
real_0042,Real,-0.0024034719986621594,0.9610668592539096,0.0
real_0043,Real,0.0651822670113736,0.3325754331510076,6.51822670113736
real_0044,Real,-0.04340736159220306,0.44707662333340814,0.0
real_0045,Real,-0.0757813516009612,0.3274540265174248,0.0
real_0046,Real,-0.16242146310043087,0.043467402999578277,0.0
real_0047,Real,0.19696388029565334,0.0027563964848229456,19.696388029565334
real_0048,Real,0.14946042409303786,0.06006313767973143,14.946042409303786
real_0049,Real,0.23150609102909933,0.006489559185568734,23.150609102909932
real_0050,Real,-0.06413586115449676,0.3755482491099807,0.0
real_0051,Real,-0.1547342803578525,0.012659704208728674,0.0
real_0052,Real,0.031183360085282073,0.6329066165950141,3.1183360085282072
real_0053,Real,-0.3285451876404591,6.172012632742801e-05,0.0
real_0054,Real,0.23267738944121977,0.009022015563092059,23.267738944121977
real_0055,Real,0.07125863326104065,0.28291076857337555,7.125863326104065
real_0056,Real,0.25576758081778067,6.373838366665151e-07,25.576758081778067
real_0057,Real,-0.032666824482260735,0.4775363052074381,0.0
real_0058,Real,-0.07420919585927256,0.35878402303441675,0.0
real_0059,Real,-0.10538073371704203,0.13073891188364112,0.0
real_0060,Real,0.3405792981154182,4.515455572667118e-07,34.05792981154182
real_0061,Real,0.18489575223137858,0.002419413992297619,18.48957522313786
real_0062,Real,-0.11039197828077649,0.1458543296939181,0.0
real_0063,Real,-0.1383711648499371,0.10427668978976472,0.0
real_0064,Real,0.1385193924448279,0.09203943162174227,13.85193924448279
real_0065,Real,-0.05811419451306435,0.39210099156742423,0.0
real_0066,Real,-0.010823116000962684,0.8362911629350572,0.0
real_0067,Real,0.08506900022335427,0.24702703995836095,8.506900022335428
real_0068,Real,0.03879046027405576,0.6208325766008993,3.8790460274055762
real_0069,Real,-0.027365384500724236,0.7387270103070621,0.0
real_0070,Real,0.1882271250942946,0.007758947269142664,18.822712509429458
real_0071,Real,-0.11713106294197254,0.060784528569595195,0.0
real_0072,Real,0.2701373867226741,0.00038232613977358534,27.01373867226741
real_0073,Real,0.10659766155962408,0.14008103918980602,10.659766155962409
real_0074,Real,0.09602792959470297,0.06916720713256456,9.602792959470296
real_0075,Real,0.05378559692121438,0.4796103182347513,5.3785596921214385
real_0076,Real,0.1457222323107305,0.08031026296957906,14.57222323107305
real_0077,Real,0.27699856284684027,6.034852948041008e-06,27.699856284684028
real_0078,Real,0.008525058186506035,0.9139917343169426,0.8525058186506035
real_0079,Real,0.1751782251740158,0.0437156389891337,17.51782251740158
real_0080,Real,0.06767450559168378,0.30156479424463045,6.7674505591683785
real_0081,Real,-0.07316714060115262,0.15082110843986912,0.0
real_0082,Real,0.023173052632118486,0.7820392346986822,2.3173052632118485
real_0083,Real,0.11772645947591479,0.00902566151484173,11.772645947591478
real_0084,Real,0.2419175309834724,0.005025581255727515,24.19175309834724
real_0085,Real,0.07973280294883708,0.37675426873984075,7.9732802948837085
real_0086,Real,0.1634656595735187,0.03265469618651935,16.34656595735187
real_0087,Real,-0.09841725114814853,0.14292573214722396,0.0
real_0088,Real,0.008519634437300987,0.8802832839715992,0.8519634437300987
real_0089,Real,0.14300570153602726,0.09070526185048955,14.300570153602726
real_0090,Real,-0.09285710576877182,0.10906989244418344,0.0
real_0091,Real,-0.11870435236270056,0.055454283423810084,0.0
real_0092,Real,0.218725137975481,0.012763871335333087,21.8725137975481
real_0093,Real,-0.09535634693144941,0.20417777934921688,0.0
real_0094,Real,-0.15906193797967624,0.035508031458155884,0.0
real_0095,Real,0.22246213842402324,0.005712202246707412,22.246213842402323
real_0096,Real,0.21746185392464631,0.010691360769719584,21.746185392464632
real_0097,Real,-0.04279664140856927,0.459455577315292,0.0
real_0098,Real,0.16257352152742352,0.014635167066176841,16.257352152742353
real_0099,Real,0.4021948542806678,2.131179195849742e-07,40.21948542806678
real_0100,Real,-0.27774881549022296,0.0017122622309497836,0.0
fake_0001,Fake,-0.310357876485811,3.8069883719022755e-05,0.0
fake_0002,Fake,0.06633511413063145,0.32189260106903483,6.633511413063145
fake_0003,Fake,-0.3370206310973521,8.823540198942113e-05,0.0
fake_0004,Fake,0.10573277978632277,0.19632442307957695,10.573277978632277
fake_0005,Fake,-0.12250444538420516,0.08965334239650696,0.0
fake_0006,Fake,-0.09756210382875946,0.12936237683180576,0.0
fake_0007,Fake,-0.0582957182036664,0.48459582071561286,0.0
fake_0008,Fake,-0.03399061449918407,0.6848337207699049,0.0
fake_0009,Fake,-0.051624301146709406,0.5674844507254928,0.0
fake_0010,Fake,0.16453460959502483,0.0090138316311769,16.453460959502483
fake_0011,Fake,0.28358184198922914,0.00029203285970819993,28.358184198922913
fake_0012,Fake,0.05552060734004878,0.4479697520850978,5.552060734004878
fake_0013,Fake,0.1945820148788284,0.0051783088011758726,19.45820148788284
fake_0014,Fake,0.23932721566798884,0.0024573240585332805,23.932721566798882
fake_0015,Fake,-0.11769243093111162,0.16455452949936855,0.0
fake_0016,Fake,0.12711875737231068,0.08637986958539715,12.711875737231068
fake_0017,Fake,-0.07658682630057748,0.21398744348948895,0.0
fake_0018,Fake,-0.1012535327164647,0.2176150528298457,0.0
fake_0019,Fake,-0.036907009964519386,0.5784587120518592,0.0
fake_0020,Fake,0.008288423404043736,0.912316938800424,0.8288423404043735
fake_0021,Fake,-0.0341043137261676,0.606078723088995,0.0
fake_0022,Fake,-0.0015692003155990243,0.9762311970905696,0.0
fake_0023,Fake,0.1869021786541785,0.014375304139233104,18.69021786541785
fake_0024,Fake,0.018347139292324954,0.812840998466646,1.8347139292324954
fake_0025,Fake,0.011074981807242874,0.87385168243711,1.1074981807242874
fake_0026,Fake,0.13714840570204426,0.06870962476735457,13.714840570204426
fake_0027,Fake,-0.2364860628139655,0.007433073756838961,0.0
fake_0028,Fake,0.38772196784039803,1.532157183583698e-08,38.77219678403981
fake_0029,Fake,0.4743663188224101,7.605047955789748e-10,47.43663188224101
fake_0030,Fake,-0.13021762498543102,0.1382221309349614,0.0
fake_0031,Fake,0.2544907749640915,0.0017360360153866002,25.44907749640915
fake_0032,Fake,-0.028255785075889668,0.7367340568009234,0.0
fake_0033,Fake,-0.2489241196232391,0.004446236049126133,0.0
fake_0034,Fake,-0.10666658718029201,0.18941217666361057,0.0
fake_0035,Fake,0.1929417055009798,0.001474417866907097,19.29417055009798
fake_0036,Fake,0.1228393667192608,0.12293465552720982,12.28393667192608
fake_0037,Fake,-0.29355219661663523,0.0008093761116023621,0.0
fake_0038,Fake,-0.033138164373602376,0.5325601091705917,0.0
fake_0039,Fake,0.014630994428349461,0.8484818764240551,1.4630994428349462
fake_0040,Fake,0.10477082507542357,0.23367524704878537,10.477082507542356
fake_0041,Fake,0.08807911566838632,0.19004088652178544,8.807911566838632
fake_0042,Fake,-0.04733161675952539,0.4920181064062314,0.0
fake_0043,Fake,0.0216941952025903,0.784733470965793,2.16941952025903
fake_0044,Fake,-0.07524768140340612,0.28596845720917285,0.0
fake_0045,Fake,-0.11079382327349481,0.20773350158393686,0.0
fake_0046,Fake,-0.0917692638099108,0.20197560774427276,0.0
fake_0047,Fake,0.09199100326280266,0.2428462454041574,9.199100326280266
fake_0048,Fake,0.21070979462692146,0.004875811809420916,21.070979462692147
fake_0049,Fake,0.20953774574951103,0.0005418829433524988,20.953774574951105
fake_0050,Fake,0.09297010605028347,0.24989965977692655,9.297010605028348
fake_0051,Fake,-0.024022182851609862,0.7362764066728513,0.0
fake_0052,Fake,0.5059381944983149,6.897559851297685e-09,50.59381944983149
fake_0053,Fake,-0.17644791804611465,0.07040024735087375,0.0
fake_0054,Fake,0.10783523745763804,0.24923617270604134,10.783523745763803
fake_0055,Fake,-0.1581583325006864,0.045091750742637,0.0
fake_0056,Fake,-0.0477639232141568,0.4759229168409268,0.0
fake_0057,Fake,-0.2168114549666846,0.011860552375652615,0.0
fake_0058,Fake,-0.5016251073627161,1.300319159930327e-10,0.0
fake_0059,Fake,0.1543369307321352,0.1090749959826,15.43369307321352
fake_0060,Fake,-0.08844928535832736,0.2645338057483077,0.0
fake_0061,Fake,0.10126190959520362,0.1928777018825251,10.126190959520361
fake_0062,Fake,-0.007788107008956346,0.9321515385318576,0.0
fake_0063,Fake,-0.07935693594976428,0.3360319879641695,0.0
fake_0064,Fake,-0.1806720852128883,0.05024733007582913,0.0
fake_0065,Fake,-0.16385159542512853,0.04031293465237647,0.0
fake_0066,Fake,-0.12124767968119904,0.23432800490136654,0.0
fake_0067,Fake,-0.0019194704720528902,0.98059928802811,0.0
fake_0068,Fake,-0.06744559583480264,0.44049517994841497,0.0
fake_0069,Fake,-0.057079742472409864,0.5172602640758962,0.0
fake_0070,Fake,0.023162829467542362,0.7719642429333932,2.316282946754236
fake_0071,Fake,-0.0017967900320226228,0.9827678606147962,0.0
fake_0072,Fake,0.022622728093827725,0.7757590269821789,2.2622728093827726
fake_0073,Fake,0.06326053468576419,0.26603765754079695,6.3260534685764185
fake_0074,Fake,0.3939959531814871,3.5201370082845882e-06,39.39959531814871
fake_0075,Fake,-0.18077084326588563,0.014880642500268328,0.0
fake_0076,Fake,-0.017941089209792305,0.8470913396245591,0.0
fake_0077,Fake,-0.10903440909773396,0.2046884950274693,0.0
fake_0078,Fake,0.0349409125315954,0.6874452582913501,3.4940912531595396
fake_0079,Fake,-0.14900721680345044,0.06972611635538441,0.0
fake_0080,Fake,-0.12064668714431391,0.17492993400253767,0.0
fake_0081,Fake,-0.009520630116131915,0.9133902305872869,0.0
fake_0082,Fake,0.2576286834913113,0.003326147541252666,25.76286834913113
fake_0083,Fake,0.01035858686332424,0.9098406638219214,1.035858686332424
fake_0084,Fake,0.13899973030151247,0.10525012488656513,13.899973030151248
fake_0085,Fake,-0.07149480112996917,0.2659344272069978,0.0
fake_0086,Fake,0.17510988375238218,0.10894761622018045,17.510988375238217
fake_0087,Fake,-0.10037549761737573,0.29233207367491365,0.0
fake_0088,Fake,-0.04653102394779394,0.5837579340070042,0.0
fake_0089,Fake,-0.01752779408075567,0.8412868787294651,0.0
fake_0090,Fake,0.0015996284954475695,0.983433560746724,0.15996284954475695
fake_0091,Fake,-0.037181277900883304,0.6818192992978884,0.0
fake_0092,Fake,0.17406956279886307,0.04508676297097971,17.406956279886305
fake_0093,Fake,-0.046553672310549875,0.501215255487199,0.0
fake_0094,Fake,0.14012434254108877,0.021512830211266137,14.012434254108877
fake_0095,Fake,0.17212167940243675,0.04931722793213343,17.212167940243674
fake_0096,Fake,0.03972615129529086,0.6536117392773415,3.9726151295290864
fake_0097,Fake,0.5338965732405182,1.0082867558809156e-07,53.38965732405182
fake_0098,Fake,0.12776885679469485,0.05565736983570417,12.776885679469485
fake_0099,Fake,0.08454282039400779,0.33701342732492257,8.454282039400779
fake_0100,Fake,0.032674797885892365,0.7078131832240458,3.2674797885892364
voice_0001,Fake Voice Only,-0.18703453074400936,0.0131968057730888,0.0
voice_0002,Fake Voice Only,0.2662121251732118,0.0013104110851623215,26.62121251732118
voice_0003,Fake Voice Only,0.17410619153177345,0.027185432712996883,17.410619153177347
voice_0004,Fake Voice Only,0.1935011289470025,0.00555380721852595,19.35011289470025
voice_0005,Fake Voice Only,-0.22222578044737615,0.0012897616444851427,0.0
voice_0006,Fake Voice Only,0.2397030653780856,0.0016958116852694367,23.97030653780856
voice_0007,Fake Voice Only,0.13456264150788222,0.01871857877063832,13.456264150788222
voice_0008,Fake Voice Only,0.17417065009637256,0.0291379309219161,17.417065009637255
voice_0009,Fake Voice Only,0.22195489391757914,0.0008002837487255982,22.195489391757913
voice_0010,Fake Voice Only,-0.070766817784153,0.38471085763312535,0.0
voice_0011,Fake Voice Only,-0.038904650840454434,0.6653670402550181,0.0
voice_0012,Fake Voice Only,0.21605654515052866,0.007711866344060528,21.605654515052866
voice_0013,Fake Voice Only,0.0756758578955522,0.36902658907743346,7.5675857895552205
voice_0014,Fake Voice Only,0.15729054601216624,0.02809128648823447,15.729054601216625
voice_0015,Fake Voice Only,0.22158712019643348,0.0032083144329227518,22.15871201964335
voice_0016,Fake Voice Only,0.17033572836873534,0.004327120234466733,17.033572836873535
voice_0017,Fake Voice Only,0.039184973442335604,0.659290285620337,3.91849734423356
voice_0018,Fake Voice Only,-0.06671502482524329,0.4034147187290109,0.0
voice_0019,Fake Voice Only,-0.34199372630170477,1.739321513048315e-07,0.0
voice_0020,Fake Voice Only,-0.1119494007829489,0.21387911247286115,0.0
voice_0021,Fake Voice Only,0.15253878904401558,0.059787380950997275,15.253878904401558
voice_0022,Fake Voice Only,-0.005333498667661088,0.9464641384944463,0.0
voice_0023,Fake Voice Only,0.05775912976843411,0.4667491435717785,5.7759129768434105
voice_0024,Fake Voice Only,-0.07033147967601577,0.4072555957442992,0.0
voice_0025,Fake Voice Only,-0.05799338742554476,0.393087613769475,0.0
voice_0026,Fake Voice Only,-0.2839359931109613,0.00026215134452627184,0.0
voice_0027,Fake Voice Only,0.2814985285640267,0.0001132456800538698,28.149852856402667
voice_0028,Fake Voice Only,0.07769315009732415,0.33502542209663694,7.7693150097324155
voice_0029,Fake Voice Only,-0.12022363270209287,0.09241579045361734,0.0
voice_0030,Fake Voice Only,-0.000435753487310759,0.9946645179646938,0.0
